[
  {
    "id": "daily_20250806",
    "type": "daily",
    "category": "rare",
    "style": {
      "name": "Dutch Braid Mohawk",
      "difficulty": "hard",
      "points": 85,
      "description": "Bold Dutch braid down the center with shaved or slicked sides",
      "tips": "Keep the center braid tight and use gel to sleek down the sides",
      "detection_keywords": [
        "dutch",
        "mohawk",
        "braid",
        "center"
      ],
      "style_features": [
        "braided",
        "center_part",
        "edgy"
      ]
    },
    "created": "2025-08-06T11:50:13.640748",
    "expires": "2025-08-07T11:50:13.640748",
    "participants": [],
    "completions": []
  },
  {
    "id": "weekly_202531",
    "type": "weekly",
    "category": "rare",
    "style": {
      "name": "Dutch Braid Mohawk",
      "difficulty": "hard",
      "points": 85,
      "description": "Bold Dutch braid down the center with shaved or slicked sides",
      "tips": "Keep the center braid tight and use gel to sleek down the sides",
      "detection_keywords": [
        "dutch",
        "mohawk",
        "braid",
        "center"
      ],
      "style_features": [
        "braided",
        "center_part",
        "edgy"
      ]
    },
    "created": "2025-08-06T11:50:13.642442",
    "expires": "2025-08-13T11:50:13.642442",
    "participants": [],
    "completions": [],
    "bonus_points": 25
  }
]