{
  "photos": {
    "3704c2eb-4cbe-4d67-9dda-993af6e385c7": {
      "name": "Sumangala",
      "nationality": "Indian",
      "scores": {
        "hair_length_score": 85.0,
        "hair_thickness_score": 54.80817959703451,
        "hair_silkiness_score": 25.0,
        "hair_texture_score": 30.0,
        "overall_score": 54.202044899258624,
        "image_width": 789,
        "image_height": 1280,
        "hair_pixel_count": 274635,
        "visible_body_portion_estimate": "undetermined",
        "is_cropped": true,
        "body_landmarks": null,
        "hair_bounding_box": [
          0,
          0,
          789,
          1280
        ],
        "hair_comment": "That beautiful medium density gives you the best of both worlds! 👑 Your hair's begging for some moisture love - keratin treatments work wonders! 🌺 Rapunzel could never! Your long hair is stunning! 👑",
        "hair_color_class": "dyed",
        "hair_vibrancy_score": 49.36324212828351,
        "glamorous_color_name": "Creative color",
        "color_personality_message": "Your Creative color is giving unicorn vibes! 🦄",
        "dye_suggestion": "You're already bold - maybe try split-dye colors? ⚡",
        "hairstyle": "curly",
        "hairstyle_confidence": 0.9,
        "hairstyle_message": "Curly queen serving looks! 👑",
        "hair_care_tips": {
          "priority_issues": [
            "🚨 SILKINESS ALERT: Your hair needs some serious moisture!",
            "Argan oil before blow drying = instant silk upgrade! 🌟",
            "🚨 VOLUME BOOST NEEDED: Time to add some thickness!",
            "Volume boost time! Try a root lifting spray before styling! 🚀"
          ],
          "general_care": [
            "Try a deep conditioning mask 2x per week - your hair will thank you! 💆‍♀️",
            "Layer cuts can create the illusion of thicker hair! ✂️",
            "Long hair care tip: Braid it before bed to prevent tangles! 🌙",
            "Your smooth hair is perfect for sleek styles! ✨"
          ],
          "styling_tips": [
            "Curly girl method: No sulfates, no silicones, lots of moisture! 💧",
            "Sleep on a satin pillowcase to maintain those gorgeous curls! ✨"
          ],
          "color_care": [
            "Color-safe products are non-negotiable for fantasy colors! 🌈",
            "Cold water only - hot water is color's worst enemy! ❄️"
          ],
          "weekly_routine": [
            "💆‍♀️ MONDAY: Scalp massage + oil treatment",
            "💧 WEDNESDAY: Deep conditioning mask (20 mins)",
            "🚀 FRIDAY: Volumizing treatment + root massage",
            "✂️ SUNDAY: Trim check + protective styling"
          ],
          "emergency_fixes": [
            "🚨 INSTANT FIX: Apply hair oil to damp ends NOW",
            "💨 QUICK WIN: Cold water rinse = instant shine",
            "⚡ EMERGENCY: Silk scarf around pillow tonight",
            "🌟 PRO TIP: Dry shampoo at roots for instant volume",
            "✨ QUICK GLOW: Face-framing highlights with concealer",
            "💫 INSTANT UPGRADE: Change your part for face-lifting effect"
          ]
        },
        "formatted_care_tips": "🚨 **PRIORITY FIXES:**\n• 🚨 SILKINESS ALERT: Your hair needs some serious moisture!\n• Argan oil before blow drying = instant silk upgrade! 🌟\n\n💫 **GENERAL CARE:**\n• Try a deep conditioning mask 2x per week - your hair will thank you! 💆‍♀️\n• Layer cuts can create the illusion of thicker hair! ✂️\n\n⚡ **QUICK FIXES:**\n• 🚨 INSTANT FIX: Apply hair oil to damp ends NOW\n• 💨 QUICK WIN: Cold water rinse = instant shine"
      },
      "timestamp": "2025-08-06T13:30:50.878335"
    }
  },
  "leaderboards": {
    "overall": [
      {
        "unique_id": "3704c2eb-4cbe-4d67-9dda-993af6e385c7",
        "score": 54.202044899258624,
        "rank": 1
      }
    ],
    "length": [
      {
        "unique_id": "3704c2eb-4cbe-4d67-9dda-993af6e385c7",
        "score": 85.0,
        "rank": 1
      }
    ],
    "thickness": [
      {
        "unique_id": "3704c2eb-4cbe-4d67-9dda-993af6e385c7",
        "score": 54.80817959703451,
        "rank": 1
      }
    ],
    "silkiness": [
      {
        "unique_id": "3704c2eb-4cbe-4d67-9dda-993af6e385c7",
        "score": 25.0,
        "rank": 1
      }
    ]
  }
}