{
  "@testuser": {
    "telegram_id": "@testuser",
    "username": "TestUser",
    "created_at": 1754481981.5039525,
    "is_admin": false,
    "submissions_count": 0,
    "last_activity": 1754481981.5039527
  },
  "@testuser2": {
    "telegram_id": "@testuser2",
    "username": "TestUser2",
    "created_at": 1754482019.3167496,
    "is_admin": false,
    "submissions_count": 1,
    "last_activity": 1754482019.3201334,
    "temp_admin": 1754483819.3189638
  },
  "1545803020": {
    "telegram_id": "1545803020",
    "username": "username_not_und",
    "created_at": 1754482216.19482,
    "is_admin": false,
    "submissions_count": 1,
    "last_activity": 1754487052.4189982,
    "temp_admin": 1754484831.4768724
  }
}